UniqueID,rank,molecularFormula,adduct,precursorFormula,ZodiacScore,SiriusScore,TreeScore,IsotopeScore,numExplainedPeaks,explainedIntensity,medianMassErrorFragmentPeaks_ppm_,medianAbsoluteMassErrorFragmentPeaks_ppm_,massErrorPrecursor_ppm_,ionMass,retentionTimeInSeconds,id,ms2_id,num_strains_sig
met_1087,455,C10H8BNO2S,[M - H]-,C10H8BNO2S,0.995477387,20.46162817,20.46162817,0,8,0.241827683,-5.630731079,5.630731079,-2.023151396,215.0328,44.94,2118_fused_mgf_0243e44ef51142f929ecfaca1c436118_msLevel2retentionTime44.94scanNumNAprec,2118,1
met_109,1306,C33H41N11,[M - H]-,C33H41N11,0.204522613,1,1,0,1,0,NaN,NaN,0.908176502,590.3479,135.95,2123_fused_mgf_0243e44ef51142f929ecfaca1c436118_msLevel2retentionTime135.95scanNumNApre,2123,2
met_1092,1327,C42H39NO,[M - H]-,C42H39NO,0.181909548,1,1,0,1,0,NaN,NaN,4.213858561,572.2983,130.74,2105_fused_mgf_0243e44ef51142f929ecfaca1c436118_msLevel2retentionTime130.74scanNumNApre,2105,1
met_1094,577,C29H55F3NO8P,[M - H]-,C29H55F3NO8P,0.97839196,6.88148508,6.88148508,0,5,0.504253423,-3.682443249,3.682443249,4.803362165,632.3575,108.34,2193_fused_mgf_0243e44ef51142f929ecfaca1c436118_msLevel2retentionTime108.34scanNumNApre,2193,1
met_122,762,C44H89NO6,[M - H]-,C44H89NO6,0.822613065,1,1,0,1,0,NaN,NaN,-2.495136871,726.6599,426.84,251_fused_mgf_0243e44ef51142f929ecfaca1c436118_msLevel2retentionTime426.84scanNumNApre,251,3
met_124,420,C43H80NO7P,[M - H]-,C43H80NO7P,0.99798995,36.73510733,36.73510733,0,15,0.855026498,-4.271531978,4.271531978,1.509408459,752.5611,334.3,391_fused_mgf_0243e44ef51142f929ecfaca1c436118_msLevel2retentionTime334.3scanNumNAprec,391,5
met_1271,923,C46H81NO9,[M - H]-,C46H81NO9,0.525125628,8.563785539,8.563785539,0,4,0.177383592,-2.734739293,2.734739293,1.952072592,790.5854,162.11,625_fused_mgf_0243e44ef51142f929ecfaca1c436118_msLevel2retentionTime162.11scanNumNApre,625,1
met_1274,395,C40H76NO10P,[M - H]-,C40H76NO10P,0.998994975,61.77389845,61.77389845,0,24,0.905096031,-3.903635898,3.903635898,2.093568293,760.515,182.51,436_fused_mgf_0243e44ef51142f929ecfaca1c436118_msLevel2retentionTime182.51scanNumNApre,436,5
met_1313,2,C42H74NO10P,[M - H]-,C42H74NO10P,1,113.1633121,113.1633121,0,34,0.790085205,-3.564023857,3.564023857,1.204160583,782.4987,174.12,564_fused_mgf_0243e44ef51142f929ecfaca1c436118_msLevel2retentionTime174.12scanNumNApre,564,1
met_133,24,C39H79NO5,[M - H]-,C39H79NO5,1,59.50671393,59.50671393,0,14,0.749230138,-2.917493694,3.499256221,1.79806839,640.5897,375.6,2219_fused_mgf_0243e44ef51142f929ecfaca1c436118_msLevel2retentionTime375.6scanNumNAprec,2219,4
met_1403,1052,C48H91NO9,[M - H]-,C48H91NO9,0.41758794,1,1,0,1,0,NaN,NaN,-2.069991368,824.6604,428.26,874_fused_mgf_0243e44ef51142f929ecfaca1c436118_msLevel2retentionTime428.26scanNumNApre,874,1
met_1458,1082,C40H74NO10P,[M - H]-,C40H74NO10P,0.368844221,12.14850181,12.14850181,0,4,0.40569395,-2.169833883,2.169833883,0.583065445,758.4982,282.66,421_fused_mgf_0243e44ef51142f929ecfaca1c436118_msLevel2retentionTime282.66scanNumNApre,421,1
met_1559,1369,C42H69N9O9,[M - H]-,C42H69N9O9,0.153266332,1,1,0,1,0,NaN,NaN,4.927681831,842.5187,222.09,1001_fused_mgf_0243e44ef51142f929ecfaca1c436118_msLevel2retentionTime222.09scanNumNApre,1001,3
met_1568,715,C42H78NO10P,[M - H]-,C42H78NO10P,0.872864322,6.85900678,6.85900678,0,3,0.554413747,-2.580158909,2.580158909,-3.379255813,786.5264,332.81,593_fused_mgf_0243e44ef51142f929ecfaca1c436118_msLevel2retentionTime332.81scanNumNApre,593,3
met_1569,700,C44H75N9O6,[M - H]-,C44H75N9O6,0.894472362,7.985541325,7.985541325,0,3,0.1160619,3.639268472,3.639268472,3.693192691,824.5798,398.92,869_fused_mgf_0243e44ef51142f929ecfaca1c436118_msLevel2retentionTime398.92scanNumNApre,869,1
met_1588,219,C44H76NO10P,[M - H]-,C44H76NO10P,1,15.8401388,15.8401388,0,4,0.642743009,-5.349682625,5.349682625,2.464010074,808.5154,244.19,757_fused_mgf_0243e44ef51142f929ecfaca1c436118_msLevel2retentionTime244.19scanNumNApre,757,2
met_1604,107,C41H74NO8P,[M - H]-,C41H74NO8P,1,31.59223427,31.59223427,0,18,0.915060297,-3.320837235,3.320837235,0.773849036,738.5085,245.77,303_fused_mgf_0243e44ef51142f929ecfaca1c436118_msLevel2retentionTime245.77scanNumNApre,303,2
met_1607,754,C49H83N3O8,[M - H]-,C49H83N3O8,0.827638191,1,1,0,1,0,NaN,NaN,1.617673705,840.6121,342.43,986_fused_mgf_0243e44ef51142f929ecfaca1c436118_msLevel2retentionTime342.43scanNumNApre,986,1
met_1672,25,C9H17NO5,[M - H]-,C9H17NO5,1,58.8248021,58.8248021,0,10,0.989975794,-4.065364332,4.065364332,0.475957931,218.1035,45.53,2156_fused_mgf_0243e44ef51142f929ecfaca1c436118_msLevel2retentionTime45.53scanNumNAprec,2156,2
met_1741,120,C41H78NO7P,[M - H]-,C41H78NO7P,1,30.30430744,30.30430744,0,13,0.947295636,-2.735426444,2.735426444,2.320549684,726.546,342.99,250_fused_mgf_0243e44ef51142f929ecfaca1c436118_msLevel2retentionTime342.99scanNumNApre,250,5
met_1831,92,C43H78NO8P,[M - H]-,C43H78NO8P,1,34.05013481,34.05013481,0,20,0.742926421,-2.2559066,2.2559066,1.397664403,766.5403,309.18,469_fused_mgf_0243e44ef51142f929ecfaca1c436118_msLevel2retentionTime309.18scanNumNApre,469,2
met_1842,1212,C47H77NO7,[M - H]-,C47H77NO7,0.263316583,1,1,0,1,0,NaN,NaN,4.13878062,766.5659,404.81,470_fused_mgf_0243e44ef51142f929ecfaca1c436118_msLevel2retentionTime404.81scanNumNApre,470,2
met_1888,100,C44H80NO10P,[M - H]-,C44H80NO10P,1,32.38142484,32.38142484,0,19,0.918790772,-3.201819727,3.201819727,0.482511175,812.5451,222,780_fused_mgf_0243e44ef51142f929ecfaca1c436118_msLevel2retentionTime222scanNumNAprecMz,780,1
met_1905,62,C43H80NO8P,[M - H]-,C43H80NO8P,1,42.06920327,42.06920327,0,12,0.948329155,-1.526200162,2.310566944,0.678288241,768.5554,316.24,479_fused_mgf_0243e44ef51142f929ecfaca1c436118_msLevel2retentionTime316.24scanNumNApre,479,3
met_1906,427,C45H80NO8P,[M - H]-,C45H80NO8P,0.99798995,6.639755641,6.639755641,0,5,0.207060063,-1.399160001,1.399160001,2.045661212,792.5565,288.46,637_fused_mgf_0243e44ef51142f929ecfaca1c436118_msLevel2retentionTime288.46scanNumNApre,637,6
met_1910,1204,C44H77N5O4,[M - H]-,C44H77N5O4,0.266331658,1,1,0,1,0,NaN,NaN,-3.627859322,738.5876,402.46,306_fused_mgf_0243e44ef51142f929ecfaca1c436118_msLevel2retentionTime402.46scanNumNApre,306,4
met_1911,1156,C46H73N3O6,[M - H]-,C46H73N3O6,0.307537688,1,1,0,1,0,NaN,NaN,3.330158121,762.5452,326.8,448_fused_mgf_0243e44ef51142f929ecfaca1c436118_msLevel2retentionTime326.8scanNumNAprec,448,4
met_1922,863,C21H38O2,[M - H]-,C21H38O2,0.648241206,6,6,0,1,0,NaN,NaN,0.610047403,321.2801,186.06,449_fused_mgf_0243e44ef51142f929ecfaca1c436118_msLevel2retentionTime186.06scanNumNApre,449,3
met_1968,453,C42H79NO8,[M - H]-,C42H79NO8,0.995979899,1,1,0,1,0,NaN,NaN,-0.817082826,724.5727,369.24,239_fused_mgf_0243e44ef51142f929ecfaca1c436118_msLevel2retentionTime369.24scanNumNApre,239,2
met_1992,671,C41H62O7,[M - H]-,C41H62O7,0.92361809,15.77906792,15.77906792,0,3,0.409295093,-3.316284406,3.316284406,-0.71812728,665.4418,187.24,9_fused_mgf_0243e44ef51142f929ecfaca1c436118_msLevel2retentionTime187.24scanNumNApre,9,2
met_2003,155,C47H88NO8P,[M - H]-,C47H88NO8P,1,24.8272564,24.8272564,0,9,0.773043393,-2.835140821,2.835140821,1.480740239,824.6187,407.4,872_fused_mgf_0243e44ef51142f929ecfaca1c436118_msLevel2retentionTime407.4scanNumNAprec,872,2
met_2038,290,C24H48O3,[M - H]-,C24H48O3,1,8.807916987,8.807916987,0,3,0.17990774,-4.722189043,4.722189043,1.646145819,383.3537,171.19,764_fused_mgf_0243e44ef51142f929ecfaca1c436118_msLevel2retentionTime171.19scanNumNApre,764,2
met_205,294,C44H88NO10P,[M - H]-,C44H88NO10P,1,8.20947928,8.20947928,0,3,0.621123516,-2.275707759,2.275707759,1.208623031,820.6083,352.92,845_fused_mgf_0243e44ef51142f929ecfaca1c436118_msLevel2retentionTime352.92scanNumNApre,845,2
met_2055,382,C43H80NO8P,[M - H]-,C43H80NO8P,0.999497487,9.345233014,9.345233014,0,3,0.555047271,-2.601138317,2.601138317,1.458972528,768.556,257.24,480_fused_mgf_0243e44ef51142f929ecfaca1c436118_msLevel2retentionTime257.24scanNumNApre,480,3
met_2057,1047,C51H75NO5,[M - H]-,C51H75NO5,0.422613065,1,1,0,1,0,NaN,NaN,-1.983263859,780.5557,323.38,552_fused_mgf_0243e44ef51142f929ecfaca1c436118_msLevel2retentionTime323.38scanNumNApre,552,2
met_21,102,C41H83NO5,[M - H]-,C41H83NO5,1,32.10957224,32.10957224,0,16,0.85141425,-4.091256777,4.091256777,1.423371948,668.6208,405.6,23_fused_mgf_0243e44ef51142f929ecfaca1c436118_msLevel2retentionTime405.6scanNumNAprec,23,1
met_2141,69,C41H80NO10P,[M - H]-,C41H80NO10P,1,39.4297523,39.4297523,0,8,0.700215196,-2.384313157,2.384313157,1.148756867,776.5456,238.8,529_fused_mgf_0243e44ef51142f929ecfaca1c436118_msLevel2retentionTime238.8scanNumNAprec,529,2
met_2205,834,C40H78NO7P,[M - H]-,C40H78NO7P,0.708040201,15.15824334,15.15824334,0,4,0.560295135,-3.057714029,3.057714029,2.919315093,714.5464,331.32,188_fused_mgf_0243e44ef51142f929ecfaca1c436118_msLevel2retentionTime331.32scanNumNApre,188,2
met_2206,1353,C34H44F3N7O6,[M - H]-,C34H44F3N7O6,0.161306533,13.70582039,13.70582039,0,9,0.384145033,-1.302583794,3.258807129,-3.759445344,702.3206,120.83,148_fused_mgf_0243e44ef51142f929ecfaca1c436118_msLevel2retentionTime120.83scanNumNApre,148,1
met_2208,745,C44H87NO7,[M - H]-,C44H87NO7,0.830653266,1,1,0,1,0,NaN,NaN,2.055415522,740.6425,400.64,317_fused_mgf_0243e44ef51142f929ecfaca1c436118_msLevel2retentionTime400.64scanNumNApre,317,4
met_2209,680,C14H21O2,[M - H]-,C14H21O2,0.913065327,5.431550216,5.431550216,0,2,0.047456178,-0.680863067,2.855242771,-0.356398137,220.1468,66.72,2177_fused_mgf_0243e44ef51142f929ecfaca1c436118_msLevel2retentionTime66.72scanNumNAprec,2177,2
met_2210,782,C46H93NO6,[M - H]-,C46H93NO6,0.802512563,1,1,0,1,0,NaN,NaN,-0.415061534,754.6927,450.45,401_fused_mgf_0243e44ef51142f929ecfaca1c436118_msLevel2retentionTime450.45scanNumNApre,401,2
met_2273,882,C42H77N3O4,[M - H]-,C42H77N3O4,0.61758794,1.587221967,1.587221967,0,2,0.038852914,0.486201583,0.486201583,4.177923687,686.587,411.43,83_fused_mgf_0243e44ef51142f929ecfaca1c436118_msLevel2retentionTime411.43scanNumNApre,83,5
met_2274,365,C41H76NO7P,[M - H]-,C41H76NO7P,0.999497487,10.77026447,10.77026447,0,8,0.818239259,-3.227251073,3.227251073,1.015900929,724.5294,310.48,238_fused_mgf_0243e44ef51142f929ecfaca1c436118_msLevel2retentionTime310.48scanNumNApre,238,5
met_2309,75,C40H78NO10P,[M - H]-,C40H78NO10P,1,38.40270655,38.40270655,0,13,0.925265718,-1.930590579,1.930590579,0.579815064,762.5295,219.35,446_fused_mgf_0243e44ef51142f929ecfaca1c436118_msLevel2retentionTime219.35scanNumNApre,446,4
met_2311,1028,C45H77N9O6,[M - H]-,C45H77N9O6,0.448743719,1,1,0,1,0,NaN,NaN,2.737041017,838.5947,406.03,971_fused_mgf_0243e44ef51142f929ecfaca1c436118_msLevel2retentionTime406.03scanNumNApre,971,1
met_2350,960,C40H81NO5,[M - H]-,C40H81NO5,0.50201005,1,1,0,1,0,NaN,NaN,1.53032712,654.6052,413.83,2257_fused_mgf_0243e44ef51142f929ecfaca1c436118_msLevel2retentionTime413.83scanNumNApre,2257,1
met_2352,611,C39H79NO3,[M - H]-,C39H79NO3,0.964824121,1,1,0,1,0,NaN,NaN,2.433558337,608.6002,410.92,2154_fused_mgf_0243e44ef51142f929ecfaca1c436118_msLevel2retentionTime410.92scanNumNApre,2154,1
met_2353,586,C44H64O7,[M - H]-,C44H64O7,0.974874372,62.25201134,62.25201134,0,10,0.444794598,-4.899930001,4.899930001,-2.882818823,703.4559,186.59,154_fused_mgf_0243e44ef51142f929ecfaca1c436118_msLevel2retentionTime186.59scanNumNApre,154,1
met_2420,353,C40H81NO3,[M - H]-,C40H81NO3,1,1,1,0,1,0,NaN,NaN,1.495305513,622.6153,415.76,2174_fused_mgf_0243e44ef51142f929ecfaca1c436118_msLevel2retentionTime415.76scanNumNApre,2174,1
met_2421,205,C10H2F4N2,[M - H]-,C10H2F4N2,1,17.15300259,17.15300259,0,4,0.350117647,-4.318146242,5.059894388,-1.93100907,225.0077,51.61,2215_fused_mgf_0243e44ef51142f929ecfaca1c436118_msLevel2retentionTime51.61scanNumNAprec,2215,1
met_2424,143,C43H84NO7P,[M - H]-,C43H84NO7P,1,26.05976218,26.05976218,0,15,0.954773581,-2.909143651,2.909143651,0.840339542,756.5919,405.12,411_fused_mgf_0243e44ef51142f929ecfaca1c436118_msLevel2retentionTime405.12scanNumNApre,411,1
met_2455,302,C45H88NO7P,[M - H]-,C45H88NO7P,1,6.611301707,6.611301707,0,3,0.369016536,-4.724910273,4.724910273,1.192503271,784.6235,422.13,586_fused_mgf_0243e44ef51142f929ecfaca1c436118_msLevel2retentionTime422.13scanNumNApre,586,2
met_2488,443,C27H50N6O3,[M - H]-,C27H50N6O3,0.996482412,11.71511326,11.71511326,0,2,0.127458694,4.757473997,4.757473997,2.249739637,505.3883,218.81,1761_fused_mgf_0243e44ef51142f929ecfaca1c436118_msLevel2retentionTime218.81scanNumNApre,1761,2
met_2549,977,C45H80O5,[M - H]-,C45H80O5,0.489447236,6,6,0,1,0,NaN,NaN,-4.715916336,699.59,402.04,135_fused_mgf_0243e44ef51142f929ecfaca1c436118_msLevel2retentionTime402.04scanNumNApre,135,1
met_2554,1220,C39H79N11O6,[M - H]-,C39H79N11O6,0.258291457,1,1,0,1,0,NaN,NaN,-1.886482489,796.6127,425.84,673_fused_mgf_0243e44ef51142f929ecfaca1c436118_msLevel2retentionTime425.84scanNumNApre,673,3
met_2595,667,C42H85NO5,[M - H]-,C42H85NO5,0.932160804,1,1,0,1,0,NaN,NaN,1.760280528,682.6367,431.81,70_fused_mgf_0243e44ef51142f929ecfaca1c436118_msLevel2retentionTime431.81scanNumNApre,70,1
met_2597,264,C10H2F4N2,[M - H]-,C10H2F4N2,1,11.63990319,11.63990319,0,6,0.177578898,-2.001929598,5.192228894,-2.819870046,225.0075,118.48,2209_fused_mgf_0243e44ef51142f929ecfaca1c436118_msLevel2retentionTime118.48scanNumNApre,2209,1
met_2598,1322,C28H44N5O8P,[M - H]-,C28H44N5O8P,0.187437186,2.907621398,2.907621398,0,2,0.195248249,-5.750734049,5.750734049,-0.614096761,608.2851,61.5,2149_fused_mgf_0243e44ef51142f929ecfaca1c436118_msLevel2retentionTime61.5scanNumNAprecM,2149,3
met_2648,540,C25H48NO7P,[M - H]-,C25H48NO7P,0.985929648,12.41220278,12.41220278,0,5,0.64919852,-3.121376412,3.121376412,1.857875437,504.3105,129.02,1751_fused_mgf_0243e44ef51142f929ecfaca1c436118_msLevel2retentionTime129.02scanNumNApre,1751,1
met_2656,857,C42H81BO8,[M - H]-,C42H81BO8,0.667336683,0.707966547,0.707966547,0,2,0.989895248,-1.249505883,1.249505883,2.760722228,722.6008,165.95,224_fused_mgf_0243e44ef51142f929ecfaca1c436118_msLevel2retentionTime165.95scanNumNApre,224,2
met_2690,1139,C38H79N3O6,[M - H]-,C38H79N3O6,0.319095477,0.8964255,0.8964255,0,1,0,NaN,NaN,2.660164984,672.5914,421.06,38_fused_mgf_0243e44ef51142f929ecfaca1c436118_msLevel2retentionTime421.06scanNumNApre,38,1
met_2691,368,C16H32O2,[M - H]-,C16H32O2,0.999497487,5.571096308,5.571096308,0,1,0,-4.520643233,4.520643233,-0.602633789,255.2328,112.38,92_fused_mgf_0243e44ef51142f929ecfaca1c436118_msLevel2retentionTime112.38scanNumNApre,92,3
met_2693,1108,C49H77N5O3,[M - H]-,C49H77N5O3,0.34321608,1,1,0,1,0,NaN,NaN,1.067125154,782.5962,418.23,569_fused_mgf_0243e44ef51142f929ecfaca1c436118_msLevel2retentionTime418.23scanNumNApre,569,2
met_2732,126,C17H26O4,[M - H]-,C17H26O4,1,28.72479374,28.72479374,0,6,0.539986119,-3.526789402,3.526789402,-0.7942677,293.1756,65.99,260_fused_mgf_0243e44ef51142f929ecfaca1c436118_msLevel2retentionTime65.99scanNumNAprec,260,1
met_2734,859,C39H77N7O5,[M - H]-,C39H77N7O5,0.65879397,2.254204552,2.254204552,0,2,0.023339318,3.239199485,3.239199485,1.464017737,722.5924,411.72,223_fused_mgf_0243e44ef51142f929ecfaca1c436118_msLevel2retentionTime411.72scanNumNApre,223,3
met_2778,1109,C39H73N5O8,[M - H]-,C39H73N5O8,0.341708543,1,1,0,1,0,NaN,NaN,-3.436316667,738.5361,369.66,304_fused_mgf_0243e44ef51142f929ecfaca1c436118_msLevel2retentionTime369.66scanNumNApre,304,1
met_2799,1154,C4H6BrO6P,[M - H]-,C4H6BrO6P,0.309045226,0.059429347,0.059429347,0,2,0.044016955,1.404682191,1.404682191,-4.481226193,258.9001,40.01,124_fused_mgf_0243e44ef51142f929ecfaca1c436118_msLevel2retentionTime40.01scanNumNAprec,124,2
met_2800,349,C41H83NO4,[M - H]-,C41H83NO4,1,1,1,0,1,0,NaN,NaN,1.174204587,652.6257,421.08,2251_fused_mgf_0243e44ef51142f929ecfaca1c436118_msLevel2retentionTime421.08scanNumNApre,2251,3
met_2801,606,C7H14F2N2O3S,[M - H]-,C7H14F2N2O3S,0.966834171,38.19790234,38.19790234,0,10,0.81313604,-4.886951832,4.886951832,1.056124667,243.0623,44.53,17_fused_mgf_0243e44ef51142f929ecfaca1c436118_msLevel2retentionTime44.53scanNumNAprec,17,1
met_2802,1133,C35H60N5O9P,[M - H]-,C35H60N5O9P,0.322110553,4.001554734,4.001554734,0,5,0.191733639,2.135352298,3.810156131,-1.916993178,724.4042,122.43,233_fused_mgf_0243e44ef51142f929ecfaca1c436118_msLevel2retentionTime122.43scanNumNApre,233,3
met_2910,49,C4H8NO7PS,[M - H]-,C4H8NO7PS,1,45.68610025,45.68610025,0,13,0.413528072,-4.969701669,4.969701669,-1.364004706,243.9683,45.95,30_fused_mgf_0243e44ef51142f929ecfaca1c436118_msLevel2retentionTime45.95scanNumNAprec,30,1
met_2911,348,C45H89NO6,[M - H]-,C45H89NO6,1,1,1,0,1,0,NaN,NaN,2.012939173,738.6632,436.12,307_fused_mgf_0243e44ef51142f929ecfaca1c436118_msLevel2retentionTime436.12scanNumNApre,307,1
met_2918,286,C40H76NO7P,[M - H]-,C40H76NO7P,1,8.969484514,8.969484514,0,6,0.386049593,-3.174152986,3.174152986,1.45404478,712.5297,317.4,181_fused_mgf_0243e44ef51142f929ecfaca1c436118_msLevel2retentionTime317.4scanNumNAprec,181,4
met_2958,933,C45H71N3O6,[M - H]-,C45H71N3O6,0.516582915,1.491341662,1.491341662,0,2,0.057461024,-4.94977112,4.94977112,3.860179921,748.5299,284.6,360_fused_mgf_0243e44ef51142f929ecfaca1c436118_msLevel2retentionTime284.6scanNumNAprec,360,3
met_2974,19,C42H82NO9P,[M - H]-,C42H82NO9P,1,66.23417661,66.23417661,0,14,0.778167006,-1.989393711,1.989393711,-1.734371512,774.5641,221.72,520_fused_mgf_0243e44ef51142f929ecfaca1c436118_msLevel2retentionTime221.72scanNumNApre,520,2
met_298,215,C43H82NO7P,[M - H]-,C43H82NO7P,1,16.05724469,16.05724469,0,10,0.849804305,-2.87732964,3.699086498,0.643882162,754.5761,366.58,400_fused_mgf_0243e44ef51142f929ecfaca1c436118_msLevel2retentionTime366.58scanNumNApre,400,2
met_2995,1006,C27H43N3O7,[M - H]-,C27H43N3O7,0.463819095,2.340523396,2.340523396,0,3,0.101149838,-1.32032123,1.32032123,4.566043335,520.3052,134.59,1879_fused_mgf_0243e44ef51142f929ecfaca1c436118_msLevel2retentionTime134.59scanNumNApre,1879,2
met_3031,1122,C13H14ClF3O2,[M - H]-,C13H14ClF3O2,0.329145729,16.50312986,16.50312986,0,5,0.267294459,-4.437965778,4.437965778,-3.977328179,293.055,47.15,247_fused_mgf_0243e44ef51142f929ecfaca1c436118_msLevel2retentionTime47.15scanNumNAprec,247,1
met_3046,323,C43H82N4O6P2,[M - H]-,C43H82N4O6P2,1,5.417095462,5.417095462,0,3,0.276645768,-5.001042862,5.001042862,4.703056851,811.5675,401.82,774_fused_mgf_0243e44ef51142f929ecfaca1c436118_msLevel2retentionTime401.82scanNumNApre,774,1
met_3047,912,C30H50O17,[M - H]-,C30H50O17,0.547738693,6,6,0,1,0,NaN,NaN,-0.475105298,681.2972,132.43,61_fused_mgf_0243e44ef51142f929ecfaca1c436118_msLevel2retentionTime132.43scanNumNApre,61,1
met_3093,288,C42H85NO5,[M - H]-,C42H85NO5,1,8.87364665,8.87364665,0,4,0.236054972,-3.43039035,3.43039035,0.441863861,682.6358,412.75,71_fused_mgf_0243e44ef51142f929ecfaca1c436118_msLevel2retentionTime412.75scanNumNApre,71,3
met_3094,1368,C46H59NO8,[M - H]-,C46H59NO8,0.153266332,1,1,0,1,0,NaN,NaN,-2.513767217,752.4149,116.05,382_fused_mgf_0243e44ef51142f929ecfaca1c436118_msLevel2retentionTime116.05scanNumNApre,382,2
met_3122,338,C39H79NO5,[M - H]-,C39H79NO5,1,1,1,0,1,0,NaN,NaN,1.641962484,640.5896,404.53,2220_fused_mgf_0243e44ef51142f929ecfaca1c436118_msLevel2retentionTime404.53scanNumNApre,2220,2
met_3125,298,C20H30O2,[M - H]-,C20H30O2,1,7.448251689,7.448251689,0,3,0.225854383,-2.668339581,2.668339581,0.651529511,301.2175,135.23,328_fused_mgf_0243e44ef51142f929ecfaca1c436118_msLevel2retentionTime135.23scanNumNApre,328,4
met_3126,1148,C42H73N9O4,[M - H]-,C42H73N9O4,0.312562814,1,1,0,1,0,NaN,NaN,4.337002675,766.5746,347.45,472_fused_mgf_0243e44ef51142f929ecfaca1c436118_msLevel2retentionTime347.45scanNumNApre,472,3
met_315,576,C26H32O11,[M - H]-,C26H32O11,0.97839196,6.760744766,6.760744766,0,2,0.045112782,-4.179970174,4.179970174,-1.705345286,519.1863,167.09,1868_fused_mgf_0243e44ef51142f929ecfaca1c436118_msLevel2retentionTime167.09scanNumNApre,1868,1
met_3183,601,C44H86NO7P,[M - H]-,C44H86NO7P,0.969346734,16.82895194,16.82895194,0,6,0.574673959,-3.569607453,3.569607453,0.241017881,770.6071,404.97,497_fused_mgf_0243e44ef51142f929ecfaca1c436118_msLevel2retentionTime404.97scanNumNApre,497,2
met_3186,59,C43H82NO8P,[M - H]-,C43H82NO8P,1,42.91680622,42.91680622,0,13,0.917197452,-1.577903636,1.577903636,2.428374142,770.5724,353.26,493_fused_mgf_0243e44ef51142f929ecfaca1c436118_msLevel2retentionTime353.26scanNumNApre,493,2
met_3229,1017,C45H75NO,[M - H]-,C45H75NO,0.455276382,1,1,0,1,0,NaN,NaN,-1.535221585,644.5766,409.53,2230_fused_mgf_0243e44ef51142f929ecfaca1c436118_msLevel2retentionTime409.53scanNumNApre,2230,2
met_3241,1054,C46H67N5O6,[M - H]-,C46H67N5O6,0.412562814,3.1622652,3.1622652,0,4,0.196009872,-1.625211641,1.625211641,2.47492503,784.5038,349.94,579_fused_mgf_0243e44ef51142f929ecfaca1c436118_msLevel2retentionTime349.94scanNumNApre,579,1
met_3263,311,C43H74NO10P,[M - H]-,C43H74NO10P,1,5.961459578,5.961459578,0,3,0.262755798,-5.272508859,5.272508859,0.304914664,794.498,221.15,650_fused_mgf_0243e44ef51142f929ecfaca1c436118_msLevel2retentionTime221.15scanNumNApre,650,1
met_3341,830,C36H41F2N7O3,[M - H]-,C36H41F2N7O3,0.716582915,7.438389866,7.438389866,0,4,0.216548463,0.905365812,3.120378378,2.867266564,656.3185,98.82,2259_fused_mgf_0243e44ef51142f929ecfaca1c436118_msLevel2retentionTime98.82scanNumNAprec,2259,2
met_3360,865,C14H18N4O2,[M - H]-,C14H18N4O2,0.643718593,13.88228122,13.88228122,0,3,0.152928012,-5.343572452,5.343572452,-4.024989545,273.1346,50.4,182_fused_mgf_0243e44ef51142f929ecfaca1c436118_msLevel2retentionTime50.4scanNumNAprecM,182,4
met_3380,84,C46H88NO10P,[M - H]-,C46H88NO10P,1,36.10982763,36.10982763,0,13,0.929415682,-2.739383395,2.739383395,1.529473049,844.6086,322.15,1027_fused_mgf_0243e44ef51142f929ecfaca1c436118_msLevel2retentionTime322.15scanNumNApre,1027,2
met_3434,649,C41H83NO5,[M - H]-,C41H83NO5,0.94321608,2.483305204,2.483305204,0,2,0.073863636,4.326823441,4.326823441,1.423371948,668.6208,418.52,24_fused_mgf_0243e44ef51142f929ecfaca1c436118_msLevel2retentionTime418.52scanNumNApre,24,2
met_3436,729,C48H85N3O5,[M - H]-,C48H85N3O5,0.836180905,1,1,0,1,0,NaN,NaN,-4.914620671,782.6378,247.47,571_fused_mgf_0243e44ef51142f929ecfaca1c436118_msLevel2retentionTime247.47scanNumNApre,571,2
met_3438,188,C42H85N2O6P,[M - H]-,C42H85N2O6P,1,19.60113185,19.60113185,0,6,0.66795936,-4.534645371,4.534645371,4.775861365,743.6108,393.44,330_fused_mgf_0243e44ef51142f929ecfaca1c436118_msLevel2retentionTime393.44scanNumNApre,330,3
met_3439,630,C45H91NO7,[M - H]-,C45H91NO7,0.955778894,1.754922614,1.754922614,0,2,0.176257545,-4.566241589,4.566241589,1.747384989,756.6736,427.33,412_fused_mgf_0243e44ef51142f929ecfaca1c436118_msLevel2retentionTime427.33scanNumNApre,412,1
met_3493,121,C41H76NO8P,[M - H]-,C41H76NO8P,1,30.24148012,30.24148012,0,13,1,-2.850999621,2.850999621,2.189567743,740.5252,267.77,314_fused_mgf_0243e44ef51142f929ecfaca1c436118_msLevel2retentionTime267.77scanNumNApre,314,3
met_3509,632,C45H91NO5,[M - H]-,C45H91NO5,0.954271357,1,1,0,1,0,NaN,NaN,1.174913359,724.6833,437.44,241_fused_mgf_0243e44ef51142f929ecfaca1c436118_msLevel2retentionTime437.44scanNumNApre,241,3
met_3510,829,C53H62O6,[M - H]-,C53H62O6,0.717085427,6,6,0,1,0,NaN,NaN,0.550443382,793.4478,125.22,642_fused_mgf_0243e44ef51142f929ecfaca1c436118_msLevel2retentionTime125.22scanNumNApre,642,3
met_3511,1115,C48H74N2O5,[M - H]-,C48H74N2O5,0.336683417,1,1,0,1,0,NaN,NaN,0.135943155,757.5526,290.33,413_fused_mgf_0243e44ef51142f929ecfaca1c436118_msLevel2retentionTime290.33scanNumNApre,413,3
met_3512,1142,C37H48NO9P,[M - H]-,C37H48NO9P,0.31758794,4.728174011,4.728174011,0,3,0.233079123,-1.793392747,3.957341301,4.127145393,680.3022,74.21,58_fused_mgf_0243e44ef51142f929ecfaca1c436118_msLevel2retentionTime74.21scanNumNAprec,58,1
met_3514,320,C46H87N2O8P,[M - H]-,C46H87N2O8P,1,5.533742674,5.533742674,0,3,0.537032893,-4.724910273,4.724910273,2.994225506,825.6152,402.03,875_fused_mgf_0243e44ef51142f929ecfaca1c436118_msLevel2retentionTime402.03scanNumNApre,875,1
met_3574,340,C46H93NO5,[M - H]-,C46H93NO5,1,1,1,0,1,0,NaN,NaN,2.30320367,738.6998,461.7,308_fused_mgf_0243e44ef51142f929ecfaca1c436118_msLevel2retentionTime461.7scanNumNAprec,308,2
met_3575,988,C56H72O4,[M - H]-,C56H72O4,0.479396985,6,6,0,1,0,NaN,NaN,4.725053843,807.5396,186.29,748_fused_mgf_0243e44ef51142f929ecfaca1c436118_msLevel2retentionTime186.29scanNumNApre,748,2
met_3577,336,C43H87NO5,[M - H]-,C43H87NO5,1,2.21681618,2.21681618,0,3,0.159600998,-5.477909587,5.477909587,0.791741541,696.6517,420.66,126_fused_mgf_0243e44ef51142f929ecfaca1c436118_msLevel2retentionTime420.66scanNumNApre,126,1
met_3586,1388,C15H24F2O7,[M - H]-,C15H24F2O7,0.111557789,-0.609437912,-0.609437912,0,1,0,NaN,NaN,3.304339661,353.1429,141.96,606_fused_mgf_0243e44ef51142f929ecfaca1c436118_msLevel2retentionTime141.96scanNumNApre,606,4
met_3616,1259,C45H69N3O6,[M - H]-,C45H69N3O6,0.235175879,1,1,0,1,0,NaN,NaN,3.803710754,746.5142,270.18,345_fused_mgf_0243e44ef51142f929ecfaca1c436118_msLevel2retentionTime270.18scanNumNApre,345,3
met_3687,207,C47H84NO9P,[M - H]-,C47H84NO9P,1,16.89574685,16.89574685,0,8,0.48002484,-2.622230302,2.622230302,2.278977807,836.583,286.49,961_fused_mgf_0243e44ef51142f929ecfaca1c436118_msLevel2retentionTime286.49scanNumNApre,961,3
met_3716,347,C49H93NO9,[M - H]-,C49H93NO9,1,1,1,0,1,0,NaN,NaN,-1.737385341,838.6763,437.45,977_fused_mgf_0243e44ef51142f929ecfaca1c436118_msLevel2retentionTime437.45scanNumNApre,977,3
met_3740,846,C55H68O7,[M - H]-,C55H68O7,0.682914573,6,6,0,1,0,NaN,NaN,-0.629030396,839.4887,164.44,978_fused_mgf_0243e44ef51142f929ecfaca1c436118_msLevel2retentionTime164.44scanNumNApre,978,1
met_3762,429,C21H42O,[M - H]-,C21H42O,0.99798995,6,6,0,1,0,NaN,NaN,1.003787351,309.3166,211.05,392_fused_mgf_0243e44ef51142f929ecfaca1c436118_msLevel2retentionTime211.05scanNumNApre,392,2
met_3791,246,C44H89NO5,[M - H]-,C44H89NO5,1,13.30825151,13.30825151,0,4,0.23115942,-5.974196802,5.974196802,0.564967808,710.6672,427.44,176_fused_mgf_0243e44ef51142f929ecfaca1c436118_msLevel2retentionTime427.44scanNumNApre,176,2
met_3806,619,C42H80NO7P,[M - H]-,C42H80NO7P,0.961306533,8.75344153,8.75344153,0,3,0.640025239,-1.295096645,1.295096645,1.938964265,740.5614,341.66,315_fused_mgf_0243e44ef51142f929ecfaca1c436118_msLevel2retentionTime341.66scanNumNApre,315,4
met_3829,384,C43H80NO7P,[M - H]-,C43H80NO7P,0.999497487,8.344404505,8.344404505,0,6,0.617919007,-3.104633418,3.104633418,0.446372325,752.5603,349.74,390_fused_mgf_0243e44ef51142f929ecfaca1c436118_msLevel2retentionTime349.74scanNumNApre,390,2
met_3831,381,C43H86NO10P,[M - H]-,C43H86NO10P,0.999497487,10.63968029,10.63968029,0,4,0.472012439,-1.673796112,1.673796112,1.291692933,806.5927,315.97,743_fused_mgf_0243e44ef51142f929ecfaca1c436118_msLevel2retentionTime315.97scanNumNApre,743,1
met_3834,452,C49H79NO6,[M - H]-,C49H79NO6,0.995979899,4.367263834,4.367263834,0,3,0.308744504,-2.207037201,2.207037201,1.464366008,776.5846,328.82,532_fused_mgf_0243e44ef51142f929ecfaca1c436118_msLevel2retentionTime328.82scanNumNApre,532,4
met_3863,1200,C21H44NO7P,[M - H]-,C21H44NO7P,0.274371859,10.50810534,10.50810534,0,2,0.325835037,-2.953435771,2.953435771,1.187484557,452.2788,121.53,1157_fused_mgf_0243e44ef51142f929ecfaca1c436118_msLevel2retentionTime121.53scanNumNApre,1157,5
met_3945,1040,C42H73N9O6,[M - H]-,C42H73N9O6,0.426130653,2.370540932,2.370540932,0,3,0.20657277,0.033806753,2.375269075,-4.513894002,798.5575,352.7,683_fused_mgf_0243e44ef51142f929ecfaca1c436118_msLevel2retentionTime352.7scanNumNAprec,683,1
met_3948,498,C38H76NO10P,[M - H]-,C38H76NO10P,0.991457286,37.91108513,37.91108513,0,10,0.810335527,-2.87711722,2.87711722,2.026014804,736.5149,217.9,295_fused_mgf_0243e44ef51142f929ecfaca1c436118_msLevel2retentionTime217.9scanNumNAprec,295,4
met_3971,184,C42H80NO7P,[M - H]-,C42H80NO7P,1,20.42084701,20.42084701,0,6,0.622901517,-1.080454209,1.080454209,3.154254667,740.5623,365.11,316_fused_mgf_0243e44ef51142f929ecfaca1c436118_msLevel2retentionTime365.11scanNumNApre,316,3
met_400,616,C42H74NO8P,[M - H]-,C42H74NO8P,0.961809045,11.99718543,11.99718543,0,7,0.465147817,-4.721916659,4.721916659,0.76147584,750.5085,203.99,370_fused_mgf_0243e44ef51142f929ecfaca1c436118_msLevel2retentionTime203.99scanNumNApre,370,1
met_4029,631,C44H80NO7P,[M - H]-,C44H80NO7P,0.955276382,-0.57140515,-0.57140515,0,3,0.111157196,0.564870888,3.710356554,-0.476192974,764.5596,336.18,460_fused_mgf_0243e44ef51142f929ecfaca1c436118_msLevel2retentionTime336.18scanNumNApre,460,6
met_4030,1152,C47H77N3O7,[M - H]-,C47H77N3O7,0.309547739,1,1,0,1,0,NaN,NaN,3.303224556,794.5715,359.68,655_fused_mgf_0243e44ef51142f929ecfaca1c436118_msLevel2retentionTime359.68scanNumNApre,655,3
met_4042,163,C43H78NO7P,[M - H]-,C43H78NO7P,1,23.63137491,23.63137491,0,20,0.926314982,-3.467930209,3.467930209,0.24780155,750.5445,322.65,376_fused_mgf_0243e44ef51142f929ecfaca1c436118_msLevel2retentionTime322.65scanNumNApre,376,2
met_4046,361,C43H78NO7P,[M - H]-,C43H78NO7P,0.999497487,56.29653113,56.29653113,0,31,0.955883529,-2.186361533,2.186361533,1.313692978,750.5453,337.1,377_fused_mgf_0243e44ef51142f929ecfaca1c436118_msLevel2retentionTime337.1scanNumNAprec,377,2
met_4049,992,C46H81N5O3,[M - H]-,C46H81N5O3,0.471356784,1,1,0,1,0,NaN,NaN,-4.749387421,750.6231,429.76,378_fused_mgf_0243e44ef51142f929ecfaca1c436118_msLevel2retentionTime429.76scanNumNApre,378,1
met_4054,142,C42H76NO8P,[M - H]-,C42H76NO8P,1,26.26969204,26.26969204,0,19,0.963773245,-4.335752291,4.335752291,1.623109419,752.5248,275.13,385_fused_mgf_0243e44ef51142f929ecfaca1c436118_msLevel2retentionTime275.13scanNumNApre,385,1
met_4060,1070,C13H18N4O3S3,[M - H]-,C13H18N4O3S3,0.381407035,1.927978978,1.927978978,0,3,0.12200756,-4.141797204,4.141797204,-0.876523193,373.0465,150.88,688_fused_mgf_0243e44ef51142f929ecfaca1c436118_msLevel2retentionTime150.88scanNumNApre,688,5
met_4064,13,C43H76NO8P,[M - H]-,C43H76NO8P,1,73.65502159,73.65502159,0,52,0.987798186,-3.914028606,3.914028606,0.028030646,764.5236,277.92,458_fused_mgf_0243e44ef51142f929ecfaca1c436118_msLevel2retentionTime277.92scanNumNApre,458,4
met_409,1173,C51H73N3O5,[M - H]-,C51H73N3O5,0.295979899,5.877837892,5.877837892,0,4,0.154829248,-2.395270342,2.395270342,2.422685286,806.5497,278.89,741_fused_mgf_0243e44ef51142f929ecfaca1c436118_msLevel2retentionTime278.89scanNumNApre,741,2
met_4099,738,C42H81O10P,[M - H]-,C42H81O10P,0.833165829,10.67108928,10.67108928,0,6,0.519669371,-2.913267375,2.913267375,1.213370647,775.5504,319.51,524_fused_mgf_0243e44ef51142f929ecfaca1c436118_msLevel2retentionTime319.51scanNumNApre,524,1
met_4150,1001,C47H85N3O9,[M - H]-,C47H85N3O9,0.466834171,8.351721992,8.351721992,0,6,0.395615866,0.286794014,2.262693048,4.427320162,834.625,375.49,947_fused_mgf_0243e44ef51142f929ecfaca1c436118_msLevel2retentionTime375.49scanNumNApre,947,1
met_4152,1099,C53H81N3O4,[M - H]-,C53H81N3O4,0.350753769,1,1,0,1,0,NaN,NaN,-0.403128887,822.6151,418.69,863_fused_mgf_0243e44ef51142f929ecfaca1c436118_msLevel2retentionTime418.69scanNumNApre,863,2
met_4189,430,C20H42NO8P,[M - H]-,C20H42NO8P,0.99798995,4.040698396,4.040698396,0,3,0.190806223,-4.624389307,4.624389307,1.700614145,454.2583,68.53,1183_fused_mgf_0243e44ef51142f929ecfaca1c436118_msLevel2retentionTime68.53scanNumNAprec,1183,1
met_4262,401,C18H30O3,[M - H]-,C18H30O3,0.998994975,13.43365309,13.43365309,0,3,0.113087675,-1.850671012,1.850671012,-1.426845405,293.2118,97.8,266_fused_mgf_0243e44ef51142f929ecfaca1c436118_msLevel2retentionTime97.8scanNumNAprecM,266,4
met_43,238,C43H87N2O8P,[M - H]-,C43H87N2O8P,1,13.99602508,13.99602508,0,5,0.852007528,-5.011857307,5.011857307,1.737656522,789.6141,306.67,613_fused_mgf_0243e44ef51142f929ecfaca1c436118_msLevel2retentionTime306.67scanNumNApre,613,3
met_44,564,C52H80O6,[M - H]-,C52H80O6,0.98040201,6,6,0,1,0,NaN,NaN,-0.517551555,799.5878,330.8,692_fused_mgf_0243e44ef51142f929ecfaca1c436118_msLevel2retentionTime330.8scanNumNAprec,692,2
met_444,248,C44H80NO7P,[M - H]-,C44H80NO7P,1,13.26459981,13.26459981,0,7,0.762074012,-3.411268267,3.411268267,2.008892798,764.5615,352.77,459_fused_mgf_0243e44ef51142f929ecfaca1c436118_msLevel2retentionTime352.77scanNumNApre,459,3
met_445,48,C42H82NO10P,[M - H]-,C42H82NO10P,1,45.77053598,45.77053598,0,9,0.620612813,-2.087942025,2.691223548,2.077001033,790.562,267.62,622_fused_mgf_0243e44ef51142f929ecfaca1c436118_msLevel2retentionTime267.62scanNumNApre,622,4
met_511,659,C31H52N5O7P,[M - H]-,C31H52N5O7P,0.935175879,21.70857512,21.70857512,0,6,0.304681504,-2.570695036,2.570695036,-1.978750923,636.3519,129.78,2205_fused_mgf_0243e44ef51142f929ecfaca1c436118_msLevel2retentionTime129.78scanNumNApre,2205,2
met_667,113,C44H84NO12P,[M - H]-,C44H84NO12P,1,30.81535235,30.81535235,0,16,0.824833193,-3.487047703,3.487047703,-0.515347326,848.5654,176.46,1054_fused_mgf_0243e44ef51142f929ecfaca1c436118_msLevel2retentionTime176.46scanNumNApre,1054,3
met_672,1046,C44H63N5O3,[M - H]-,C44H63N5O3,0.423115578,1,1,0,1,0,NaN,NaN,1.391100146,708.4868,184.91,168_fused_mgf_0243e44ef51142f929ecfaca1c436118_msLevel2retentionTime184.91scanNumNApre,168,1
met_72,22,C7H14N2O3,[M - H]-,C7H14N2O3,1,64.93520185,64.93520185,0,13,0.818187318,-4.848281069,4.848281069,-0.958189583,173.093,44.97,77_fused_mgf_0243e44ef51142f929ecfaca1c436118_msLevel2retentionTime44.97scanNumNAprec,77,1
met_815,982,C37H69N5O,[M - H]-,C37H69N5O,0.485427136,1,1,0,1,0,NaN,NaN,-1.228611633,598.5422,331.94,2139_fused_mgf_0243e44ef51142f929ecfaca1c436118_msLevel2retentionTime331.94scanNumNApre,2139,1
met_825,1201,C29H44FN7O5,[M - H]-,C29H44FN7O5,0.269849246,8.275343647,8.275343647,0,5,0.547945205,-1.464131125,1.733418684,-0.712652976,588.3311,98.51,2122_fused_mgf_0243e44ef51142f929ecfaca1c436118_msLevel2retentionTime98.51scanNumNAprec,2122,2
met_913,1251,C40H55NO7,[M - H]-,C40H55NO7,0.240703518,1,1,0,1,0,NaN,NaN,1.701039081,660.3917,125.1,2269_fused_mgf_0243e44ef51142f929ecfaca1c436118_msLevel2retentionTime125.1scanNumNAprec,2269,1
met_930,642,C41H76NO10P,[M - H]-,C41H76NO10P,0.947236181,11.94029981,11.94029981,0,4,0.226104153,-2.147543371,2.147543371,-0.01010974,772.5134,172.93,503_fused_mgf_0243e44ef51142f929ecfaca1c436118_msLevel2retentionTime172.93scanNumNApre,503,1
met_97,1297,C42H78N4O8,[M - H]-,C42H78N4O8,0.209547739,1,1,0,1,0,NaN,NaN,3.279873134,765.5772,214.21,465_fused_mgf_0243e44ef51142f929ecfaca1c436118_msLevel2retentionTime214.21scanNumNApre,465,1
met_994,953,C37H75NO5,[M - H]-,C37H75NO5,0.505527638,1,1,0,1,0,NaN,NaN,2.043808208,612.5585,349.91,2158_fused_mgf_0243e44ef51142f929ecfaca1c436118_msLevel2retentionTime349.91scanNumNApre,2158,1
met_1057,169,C44H88NO10P,[M - H]-,C44H88NO10P,1,22.89796744,22.89796744,0,7,0.599500452,-4.295701195,4.295701195,2.183507459,820.6091,359.76,847_fused_mgf_0243e44ef51142f929ecfaca1c436118_msLevel2retentionTime359.76scanNumNApre,847,0
met_1086,623,C50H85NO8,[M - H]-,C50H85NO8,0.959798995,1,1,0,1,0,NaN,NaN,2.24742611,826.6221,400.71,887_fused_mgf_0243e44ef51142f929ecfaca1c436118_msLevel2retentionTime400.71scanNumNApre,887,0
met_1090,964,C51H84N2O6,[M - H]-,C51H84N2O6,0.500502513,1,1,0,1,0,NaN,NaN,-1.539675868,819.6244,311.8,830_fused_mgf_0243e44ef51142f929ecfaca1c436118_msLevel2retentionTime311.8scanNumNAprec,830,0
met_1215,442,C17H32N2O4,[M - H]-,C17H32N2O4,0.996482412,9.253635711,9.253635711,0,2,0.303858521,-4.438796975,4.438796975,0.516299102,327.2291,83.33,486_fused_mgf_0243e44ef51142f929ecfaca1c436118_msLevel2retentionTime83.33scanNumNAprec,486,0
met_1273,716,C7H14NO7PS,[M - H]-,C7H14NO7PS,0.865829146,7.994182619,7.994182619,0,5,0.131801866,-3.342403703,3.342403703,0.409187645,286.0157,48.31,221_fused_mgf_0243e44ef51142f929ecfaca1c436118_msLevel2retentionTime48.31scanNumNAprec,221,0
met_1314,1348,C58H73NO4,[M - H]-,C58H73NO4,0.165829146,1,1,0,1,0,NaN,NaN,3.327195977,846.5495,270.27,1039_fused_mgf_0243e44ef51142f929ecfaca1c436118_msLevel2retentionTime270.27scanNumNApre,1039,0
met_1362,578,C63H76O,[M - H]-,C63H76O,0.97839196,6,6,0,1,0,NaN,NaN,0.895959453,847.5831,292.13,1048_fused_mgf_0243e44ef51142f929ecfaca1c436118_msLevel2retentionTime292.13scanNumNApre,1048,0
met_1364,930,C23H45N17O5,[M - H]-,C23H45N17O5,0.518592965,15.80564721,15.80564721,0,6,0.231858407,-2.836874629,3.822510004,-3.729953664,638.3693,126.88,2212_fused_mgf_0243e44ef51142f929ecfaca1c436118_msLevel2retentionTime126.88scanNumNApre,2212,0
met_1444,1340,C56H69NO4,[M - H]-,C56H69NO4,0.174371859,23.15664656,23.15664656,0,6,0.528363229,-2.791050789,2.791050789,4.907353559,818.5194,157.22,818_fused_mgf_0243e44ef51142f929ecfaca1c436118_msLevel2retentionTime157.22scanNumNApre,818,0
met_1456,1180,C44H73N9O6,[M - H]-,C44H73N9O6,0.291457286,1,1,0,1,0,NaN,NaN,-3.531183458,822.5582,359.17,857_fused_mgf_0243e44ef51142f929ecfaca1c436118_msLevel2retentionTime359.17scanNumNApre,857,0
met_1504,103,C42H76NO9P,[M - H]-,C42H76NO9P,1,31.96074932,31.96074932,0,11,0.876325424,-2.293695219,2.293695219,0.13898179,768.5186,336.26,476_fused_mgf_0243e44ef51142f929ecfaca1c436118_msLevel2retentionTime336.26scanNumNApre,476,0
met_1589,1095,C45H77N3O11,[M - H]-,C45H77N3O11,0.355778894,16.79291277,16.79291277,0,6,0.327099567,-2.561634673,2.561634673,4.033503597,834.5519,173.35,944_fused_mgf_0243e44ef51142f929ecfaca1c436118_msLevel2retentionTime173.35scanNumNApre,944,0
met_1601,98,C46H84NO10P,[M - H]-,C46H84NO10P,1,32.95547775,32.95547775,0,14,0.899879057,-3.27038197,3.27038197,0.58523417,840.5765,263.19,985_fused_mgf_0243e44ef51142f929ecfaca1c436118_msLevel2retentionTime263.19scanNumNApre,985,0
met_1605,87,C43H76NO8P,[M - H]-,C43H76NO8P,1,35.74214875,35.74214875,0,11,0.622184133,-2.701139196,2.701139196,1.336032994,764.5246,257.77,457_fused_mgf_0243e44ef51142f929ecfaca1c436118_msLevel2retentionTime257.77scanNumNApre,457,0
met_1639,230,C43H76NO9P,[M - H]-,C43H76NO9P,1,14.88965524,14.88965524,0,9,0.416285453,0.60227067,4.233976706,0.777444255,780.5191,199.33,548_fused_mgf_0243e44ef51142f929ecfaca1c436118_msLevel2retentionTime199.33scanNumNApre,548,0
met_1640,567,C12H17N5O5S,[M - H]-,C12H17N5O5S,0.979899497,12.47294676,12.47294676,0,4,0.379107981,-4.969701669,4.969701669,0.984565352,342.0881,47.43,581_fused_mgf_0243e44ef51142f929ecfaca1c436118_msLevel2retentionTime47.43scanNumNAprec,581,0
met_1641,1232,C53H71N3O3,[M - H]-,C53H71N3O3,0.250753769,1,1,0,1,0,NaN,NaN,-4.72881086,796.5385,331.73,668_fused_mgf_0243e44ef51142f929ecfaca1c436118_msLevel2retentionTime331.73scanNumNApre,668,0
met_1669,360,C11H17BP,[M - H]-,C11H17BP,1,-9.92355631,-9.92355631,0,1,0,-1.309920298,1.309920298,3.449142818,189.1131,51.74,951_fused_mgf_0243e44ef51142f929ecfaca1c436118_msLevel2retentionTime51.74scanNumNAprec,951,0
met_1670,519,C48H94O10,[M - H]-,C48H94O10,0.989447236,6,6,0,1,0,NaN,NaN,4.070534223,829.6808,376.72,906_fused_mgf_0243e44ef51142f929ecfaca1c436118_msLevel2retentionTime376.72scanNumNApre,906,0
met_1876,1155,C41H61N7O3,[M - H]-,C41H61N7O3,0.308542714,5.432747119,5.432747119,0,3,0.194938612,-0.665162532,2.680074645,0.698147871,698.4768,175.65,131_fused_mgf_0243e44ef51142f929ecfaca1c436118_msLevel2retentionTime175.65scanNumNApre,131,0
met_1993,250,C39H78N2O6,[M - H]-,C39H78N2O6,1,13.21245976,13.21245976,0,8,0.558392754,-5.377075047,5.377075047,4.014801024,669.5814,405.29,25_fused_mgf_0243e44ef51142f929ecfaca1c436118_msLevel2retentionTime405.29scanNumNApre,25,0
met_1999,342,C47H89NO7,[M - H]-,C47H89NO7,1,1,1,0,1,0,NaN,NaN,-2.218872455,778.6549,444.72,542_fused_mgf_0243e44ef51142f929ecfaca1c436118_msLevel2retentionTime444.72scanNumNApre,542,0
met_2060,37,C36H70NO8P,[M - H]-,C36H70NO8P,1,49.7197187,49.7197187,0,13,0.922754433,-1.193188713,1.193188713,1.588817674,674.4777,236.39,42_fused_mgf_0243e44ef51142f929ecfaca1c436118_msLevel2retentionTime236.39scanNumNApre,42,0
met_2184,183,C42H84NO10P,[M - H]-,C42H84NO10P,1,20.7091276,20.7091276,0,5,0.689099335,-2.405759442,2.405759442,1.756212189,792.5774,300.5,638_fused_mgf_0243e44ef51142f929ecfaca1c436118_msLevel2retentionTime300.5scanNumNAprec,638,0
met_2272,1025,C39H73N9O7,[M - H]-,C39H73N9O7,0.451758794,2.557624073,2.557624073,0,3,0.136071887,3.157102309,3.157102309,3.828580866,778.559,316.05,537_fused_mgf_0243e44ef51142f929ecfaca1c436118_msLevel2retentionTime316.05scanNumNApre,537,0
met_2275,236,C43H82NO7P,[M - H]-,C43H82NO7P,1,14.04390238,14.04390238,0,7,0.704749022,-3.718223111,3.718223111,1.969126933,754.5771,387.23,399_fused_mgf_0243e44ef51142f929ecfaca1c436118_msLevel2retentionTime387.23scanNumNApre,399,0
met_2423,344,C44H83NO7,[M - H]-,C44H83NO7,1,1,1,0,1,0,NaN,NaN,-0.376785729,736.6094,416.01,298_fused_mgf_0243e44ef51142f929ecfaca1c436118_msLevel2retentionTime416.01scanNumNApre,298,0
met_2507,948,C40H83NO4,[M - H]-,C40H83NO4,0.509547739,1,1,0,1,0,NaN,NaN,2.913265712,640.6268,277.01,2221_fused_mgf_0243e44ef51142f929ecfaca1c436118_msLevel2retentionTime277.01scanNumNApre,2221,0
met_2655,946,C41H77N5O,[M - H]-,C41H77N5O,0.510050251,1,1,0,1,0,NaN,NaN,-0.665488108,654.6051,396.38,2258_fused_mgf_0243e44ef51142f929ecfaca1c436118_msLevel2retentionTime396.38scanNumNApre,2258,0
met_2747,483,C47H84NO9P,[M - H]-,C47H84NO9P,0.992462312,-0.191182025,-0.191182025,0,2,0.066810345,-4.484241882,4.484241882,0.725038679,836.5817,247.72,962_fused_mgf_0243e44ef51142f929ecfaca1c436118_msLevel2retentionTime247.72scanNumNApre,962,0
met_2769,439,C21H36NO7P,[M - H]-,C21H36NO7P,0.996984925,27.68464464,27.68464464,0,6,0.320503331,-4.318421823,4.318421823,3.235647818,444.2171,57.28,1080_fused_mgf_0243e44ef51142f929ecfaca1c436118_msLevel2retentionTime57.28scanNumNAprec,1080,0
met_2804,920,C46H87NO7,[M - H]-,C46H87NO7,0.532663317,2.907762683,2.907762683,0,3,0.078110528,0.687363104,0.805628735,-1.670946342,764.6397,438.53,463_fused_mgf_0243e44ef51142f929ecfaca1c436118_msLevel2retentionTime438.53scanNumNApre,463,0
met_2838,241,C19H36N2O5,[M - H]-,C19H36N2O5,1,13.53330158,13.53330158,0,4,0.30093046,-5.587489297,5.587489297,1.492771937,371.2557,82.77,675_fused_mgf_0243e44ef51142f929ecfaca1c436118_msLevel2retentionTime82.77scanNumNAprec,675,0
met_2912,394,C42H80NO12P,[M - H]-,C42H80NO12P,0.999497487,3.810609745,3.810609745,0,6,0.457926449,-3.473154877,4.16119437,-0.16718118,820.5344,162.73,838_fused_mgf_0243e44ef51142f929ecfaca1c436118_msLevel2retentionTime162.73scanNumNApre,838,0
met_2941,213,C14H22O2,[M - H]-,C14H22O2,1,16.30090287,16.30090287,0,2,0.203362944,-3.377898433,3.377898433,0.888554088,221.1549,70.5,2181_fused_mgf_0243e44ef51142f929ecfaca1c436118_msLevel2retentionTime70.5scanNumNAprecM,2181,0
met_3099,801,C42H72NO10P,[M - H]-,C42H72NO10P,0.770351759,10.06004423,10.06004423,0,7,0.349981772,-2.073075791,3.459118552,0.50266097,780.4825,165.13,546_fused_mgf_0243e44ef51142f929ecfaca1c436118_msLevel2retentionTime165.13scanNumNApre,546,0
met_3180,1074,C49H68O5,[M - H]-,C49H68O5,0.379396985,6,6,0,1,0,NaN,NaN,0.409484994,735.4997,243.63,292_fused_mgf_0243e44ef51142f929ecfaca1c436118_msLevel2retentionTime243.63scanNumNApre,292,0
met_3223,596,C39H71BN6O8,[M - H]-,C39H71BN6O8,0.970854271,26.85119841,26.85119841,0,12,0.615837406,-1.744350277,1.744350277,4.209128817,760.5422,215.07,437_fused_mgf_0243e44ef51142f929ecfaca1c436118_msLevel2retentionTime215.07scanNumNApre,437,0
met_3260,1076,C41H69N9O6,[M - H]-,C41H69N9O6,0.377386935,5.672719999,5.672719999,0,5,0.608754843,0.07465369,1.678302784,4.594722846,782.5334,369.12,565_fused_mgf_0243e44ef51142f929ecfaca1c436118_msLevel2retentionTime369.12scanNumNApre,565,0
met_3269,892,C50H73NO5,[M - H]-,C50H73NO5,0.603015075,14.42230774,14.42230774,0,5,0.293667658,0.793704535,2.043425927,-1.041019486,766.5408,294.59,468_fused_mgf_0243e44ef51142f929ecfaca1c436118_msLevel2retentionTime294.59scanNumNApre,468,0
met_3464,1278,C47H71N7O7,[M - H]-,C47H71N7O7,0.226633166,1,1,0,1,0,NaN,NaN,2.698332269,844.5365,243.9,1022_fused_mgf_0243e44ef51142f929ecfaca1c436118_msLevel2retentionTime243.9scanNumNAprec,1022,0
met_3517,594,C39H68O10,[M - H]-,C39H68O10,0.973366834,6,6,0,1,0,NaN,NaN,-1.685075116,695.4728,226.75,113_fused_mgf_0243e44ef51142f929ecfaca1c436118_msLevel2retentionTime226.75scanNumNApre,113,0
met_363,1065,C43H79NO8,[M - H]-,C43H79NO8,0.392462312,1,1,0,1,0,NaN,NaN,-1.889884625,736.5719,393.28,297_fused_mgf_0243e44ef51142f929ecfaca1c436118_msLevel2retentionTime393.28scanNumNApre,297,0
met_3666,880,C44H81N9O5,[M - H]-,C44H81N9O5,0.620100503,1,1,0,1,0,NaN,NaN,-3.179666833,814.6262,407.79,793_fused_mgf_0243e44ef51142f929ecfaca1c436118_msLevel2retentionTime407.79scanNumNApre,793,0
met_3686,133,C42H82NO8P,[M - H]-,C42H82NO8P,1,27.5405996,27.5405996,0,10,0.813034043,-1.602534138,1.696928241,1.939483781,758.572,382.83,425_fused_mgf_0243e44ef51142f929ecfaca1c436118_msLevel2retentionTime382.83scanNumNApre,425,0
met_3739,1371,C47H60N6O4,[M - H]-,C47H60N6O4,0.149246231,1,1,0,1,0,NaN,NaN,3.722863373,771.4632,137.46,500_fused_mgf_0243e44ef51142f929ecfaca1c436118_msLevel2retentionTime137.46scanNumNApre,500,0
met_375,305,C46H93N2O7P,[M - H]-,C46H93N2O7P,1,6.157256696,6.157256696,0,3,0.367327304,-5.082025883,5.082025883,2.00634241,815.6664,419.78,800_fused_mgf_0243e44ef51142f929ecfaca1c436118_msLevel2retentionTime419.78scanNumNApre,800,0
met_3946,965,C40H69N3O9,[M - H]-,C40H69N3O9,0.5,17.31596159,17.31596159,0,8,0.365149457,-0.81254329,0.81254329,1.900161798,734.4975,169.32,289_fused_mgf_0243e44ef51142f929ecfaca1c436118_msLevel2retentionTime169.32scanNumNApre,289,0
met_4053,748,C40H75N5O8,[M - H]-,C40H75N5O8,0.830150754,1,1,0,1,0,NaN,NaN,-3.438844015,752.5517,391.92,386_fused_mgf_0243e44ef51142f929ecfaca1c436118_msLevel2retentionTime391.92scanNumNApre,386,0
met_5,1281,C30H43N7O7,[M - H]-,C30H43N7O7,0.222613065,4.933495327,4.933495327,0,4,0.081984898,-4.133670311,4.133670311,1.436735428,612.316,72.25,2157_fused_mgf_0243e44ef51142f929ecfaca1c436118_msLevel2retentionTime72.25scanNumNAprec,2157,0
met_510,807,C18H34N2O10,[M - H]-,C18H34N2O10,0.757286432,16.83323879,16.83323879,0,3,0.242165242,-4.556493812,4.556493812,0.528720334,437.2143,46.52,1032_fused_mgf_0243e44ef51142f929ecfaca1c436118_msLevel2retentionTime46.52scanNumNAprec,1032,0
met_577,145,C45H82NO9P,[M - H]-,C45H82NO9P,1,25.92509074,25.92509074,0,11,0.753655501,-2.032063968,2.032063968,-3.384540036,810.5627,397.26,769_fused_mgf_0243e44ef51142f929ecfaca1c436118_msLevel2retentionTime397.26scanNumNApre,769,0
met_6,378,C43H87N2O7P,[M - H]-,C43H87N2O7P,0.999497487,11.7316234,11.7316234,0,6,0.811168997,-4.082822441,4.082822441,-2.214666822,773.6161,265.73,513_fused_mgf_0243e44ef51142f929ecfaca1c436118_msLevel2retentionTime265.73scanNumNApre,513,0
met_73,466,C46H76O4,[M - H]-,C46H76O4,0.993969849,14.95852466,14.95852466,0,3,0.130972696,1.326381579,1.326381579,-1.568122073,691.566,369.69,103_fused_mgf_0243e44ef51142f929ecfaca1c436118_msLevel2retentionTime369.69scanNumNApre,103,0
met_75,175,C6H14N4O2,[M - H]-,C6H14N4O2,1,21.47990468,21.47990468,0,5,0.463306317,-4.285722435,4.285722435,-0.573272353,173.1043,42.71,119_fused_mgf_0243e44ef51142f929ecfaca1c436118_msLevel2retentionTime42.71scanNumNAprec,119,0
met_768,285,C27H43F3N4O4,[M - H]-,C27H43F3N4O4,1,9.049251548,9.049251548,0,3,0.721223022,-5.478080459,5.478080459,-0.301967638,543.3162,156.09,2072_fused_mgf_0243e44ef51142f929ecfaca1c436118_msLevel2retentionTime156.09scanNumNApre,2072,0
met_848,1279,C22H44NO7P,[M - H]-,C22H44NO7P,0.226130653,1.987302788,1.987302788,0,2,0.047122441,-4.317644492,4.317644492,1.587567154,464.279,109.43,1257_fused_mgf_0243e44ef51142f929ecfaca1c436118_msLevel2retentionTime109.43scanNumNApre,1257,0
met_869,128,C47H78NO8P,[M - H]-,C47H78NO8P,1,28.59360914,28.59360914,0,11,0.441380286,-2.325518554,2.521615813,4.138968411,814.5426,209.04,789_fused_mgf_0243e44ef51142f929ecfaca1c436118_msLevel2retentionTime209.04scanNumNApre,789,0
met_958,696,C44H65NO9,[M - H]-,C44H65NO9,0.898994975,5.3850704,5.3850704,0,2,0.042057489,2.803501151,2.803501151,-3.272953051,750.4562,135.17,367_fused_mgf_0243e44ef51142f929ecfaca1c436118_msLevel2retentionTime135.17scanNumNApre,367,0
